
INSERT INTO `department` (`id`, `createAt`, `updateAt`, `isDelete`, `enable`, `name`, `leader`, `parentId`) VALUES (1, '2023-11-12 16:45:10', '2023-11-12 16:45:10', 0, 1, '总裁办', NULL, NULL);
INSERT INTO `department` (`id`, `createAt`, `updateAt`, `isDelete`, `enable`, `name`, `leader`, `parentId`) VALUES (2, '2023-11-12 16:45:36', '2023-11-12 16:45:36', 0, 1, '研发部', NULL, NULL);
INSERT INTO `department` (`id`, `createAt`, `updateAt`, `isDelete`, `enable`, `name`, `leader`, `parentId`) VALUES (3, '2023-11-12 16:45:44', '2023-11-12 16:45:44', 0, 1, '运营部', NULL, NULL);
INSERT INTO `department` (`id`, `createAt`, `updateAt`, `isDelete`, `enable`, `name`, `leader`, `parentId`) VALUES (4, '2023-11-12 16:45:52', '2023-11-17 21:29:04', 0, 1, '客服部', NULL, NULL);
INSERT INTO `department` (`id`, `createAt`, `updateAt`, `isDelete`, `enable`, `name`, `leader`, `parentId`) VALUES (5, '2023-11-12 16:45:59', '2023-11-17 22:08:40', 0, 1, '人事部', '1', 4);
INSERT INTO `department` (`id`, `createAt`, `updateAt`, `isDelete`, `enable`, `name`, `leader`, `parentId`) VALUES (6, '2023-11-15 10:33:41', '2023-11-15 10:33:47', 1, 1, '已删除_aaa_72e71615-5466-46b3-8a4e-59943be2119d', 'aaa', 1);
INSERT INTO `department` (`id`, `createAt`, `updateAt`, `isDelete`, `enable`, `name`, `leader`, `parentId`) VALUES (7, '2023-11-15 10:35:12', '2023-11-15 10:38:35', 1, 1, '已删除_aa_3f3fa2cc-1816-4fb0-9152-bd820c73434a', 'aa', 1);
INSERT INTO `department` (`id`, `createAt`, `updateAt`, `isDelete`, `enable`, `name`, `leader`, `parentId`) VALUES (8, '2023-11-15 15:31:17', '2023-11-16 20:45:33', 1, 1, '已删除_aa1_aff73320-4581-49e5-8254-9d5e26e41ea3', 'a', 1);
INSERT INTO `department` (`id`, `createAt`, `updateAt`, `isDelete`, `enable`, `name`, `leader`, `parentId`) VALUES (9, '2023-11-16 20:32:24', '2023-11-16 20:32:44', 1, 1, '已删除_aa_6dafd738-65dc-4422-95d6-d667daae9a8c', 'aa', 8);
INSERT INTO `department` (`id`, `createAt`, `updateAt`, `isDelete`, `enable`, `name`, `leader`, `parentId`) VALUES (10, '2023-11-17 18:19:30', '2023-11-17 21:21:20', 1, 1, '已删除_aa_5a9ded21-5072-421d-a390-b7c4952bcb7d', 'a', NULL);
INSERT INTO `department` (`id`, `createAt`, `updateAt`, `isDelete`, `enable`, `name`, `leader`, `parentId`) VALUES (11, '2023-11-17 20:04:27', '2023-11-17 20:26:44', 1, 1, '已删除_cc_61b29da5-0bc8-4420-9f7f-e0d0046e0697', 'a', NULL);
INSERT INTO `department` (`id`, `createAt`, `updateAt`, `isDelete`, `enable`, `name`, `leader`, `parentId`) VALUES (12, '2023-11-17 20:32:03', '2023-11-17 20:32:36', 1, 1, '已删除_ddd_1c164ed9-ca6a-46d1-a3ce-bb3babe75203', 'a', NULL);
INSERT INTO `department` (`id`, `createAt`, `updateAt`, `isDelete`, `enable`, `name`, `leader`, `parentId`) VALUES (14, '2023-11-17 20:52:12', '2023-11-17 21:20:52', 1, 1, '已删除_cc_c17929d0-6bb9-4bc3-af68-6040916f2f14', 'aa11', 10);
INSERT INTO `department` (`id`, `createAt`, `updateAt`, `isDelete`, `enable`, `name`, `leader`, `parentId`) VALUES (15, '2023-11-17 21:33:52', '2023-11-17 21:33:59', 1, 1, '已删除_aa_8a8a8223-42a3-4207-95bc-85f22d6c88dc', 'aa', NULL);
INSERT INTO `department` (`id`, `createAt`, `updateAt`, `isDelete`, `enable`, `name`, `leader`, `parentId`) VALUES (16, '2023-11-17 21:33:57', '2023-11-17 21:54:13', 0, 1, 'cc', NULL, 2);

INSERT INTO `user` (`id`, `createAt`, `updateAt`, `isDelete`, `enable`, `name`, `realname`, `password`, `cellphone`, `departmentId`, `ip`) VALUES (1, '2023-11-12 16:50:26', '2023-11-18 20:47:35', 0, 1, 'admin1', 'leo messi', '$2b$10$Ep2pKm8Gqq0mF..5LtAU8OPd2YWwLk5iOpbU3mXTLIsp.UxfLIppO', '1332222', 1, '::1');
INSERT INTO `user` (`id`, `createAt`, `updateAt`, `isDelete`, `enable`, `name`, `realname`, `password`, `cellphone`, `departmentId`, `ip`) VALUES (2, '2023-11-12 16:53:55', '2023-11-12 16:53:55', 0, 1, 'leijun', '雷军', '$2b$10$U3XxIkVuJl/Ooi8QCToJuupD2W8qD75yJq6x3e4zL.6qUhHlkASHy', '17812841021', 2, NULL);
INSERT INTO `user` (`id`, `createAt`, `updateAt`, `isDelete`, `enable`, `name`, `realname`, `password`, `cellphone`, `departmentId`, `ip`) VALUES (3, '2023-11-12 16:55:05', '2023-11-12 16:55:05', 0, 1, 'Maske', '马斯克', '$2b$10$NmS8HKLixODnHN6Oceh/HOj7gXh7btfhqie9hxnSu9/L4yly8Z7HG', '17812841021', 2, NULL);
INSERT INTO `user` (`id`, `createAt`, `updateAt`, `isDelete`, `enable`, `name`, `realname`, `password`, `cellphone`, `departmentId`, `ip`) VALUES (4, '2023-11-12 16:55:48', '2023-11-12 16:55:48', 0, 1, 'xiaoming', '小明', '$2b$10$VUXfdAyfBKKTBb758b53Zevtrc1trXgUhfAZ91B2Wq0xloe6pvzGu', '1801232131', 3, NULL);
INSERT INTO `user` (`id`, `createAt`, `updateAt`, `isDelete`, `enable`, `name`, `realname`, `password`, `cellphone`, `departmentId`, `ip`) VALUES (5, '2023-11-12 16:57:12', '2023-11-17 22:07:34', 0, 0, 'xiaozhang', '小张', '$2b$10$kHSiuE4FyC9HHUxRqN/wNejqQNBr.JEaK0dg0O/PxBWrj.njC.sUC', '1801232131', 5, NULL);
INSERT INTO `user` (`id`, `createAt`, `updateAt`, `isDelete`, `enable`, `name`, `realname`, `password`, `cellphone`, `departmentId`, `ip`) VALUES (6, '2023-11-12 16:57:53', '2023-11-17 22:07:34', 0, 0, 'xiaohong', '小红', '$2b$10$mAEYVLmAX1v4Rf9tNiGLLemW01g92rXgO4iosDrX7rn2F6Z9a4LBK', '1801232131', 5, NULL);
INSERT INTO `user` (`id`, `createAt`, `updateAt`, `isDelete`, `enable`, `name`, `realname`, `password`, `cellphone`, `departmentId`, `ip`) VALUES (7, '2023-11-14 22:36:28', '2023-11-14 22:36:47', 1, 1, '已删除_aaaaa_d0de85bd-2c6f-4449-9dec-de528a375dc0', 'aaaaa', '$2b$10$rUaGcCDAILJBdiqoPOKQPOb8XNC5aM56u2/Wikc/4nGRLDBCNCzf2', '123213', 1, NULL);
INSERT INTO `user` (`id`, `createAt`, `updateAt`, `isDelete`, `enable`, `name`, `realname`, `password`, `cellphone`, `departmentId`, `ip`) VALUES (8, '2023-11-14 22:43:29', '2023-11-16 16:21:12', 0, 1, 'aaaaa1', 'asda1', '$2b$10$Y0S2EH4bKx7y.Kb5kU2QCOEqQgDm.t595IVKcaPCx1AXw7zB0hkei', '17396555720', 1, NULL);
INSERT INTO `user` (`id`, `createAt`, `updateAt`, `isDelete`, `enable`, `name`, `realname`, `password`, `cellphone`, `departmentId`, `ip`) VALUES (9, '2023-11-16 16:21:39', '2023-11-17 22:07:34', 0, 0, 'qweasd', 'aa', '$2b$10$ONmu9ejt.T/hZmPdUBQo/.mdx10zNtkqYcc6s4j2x.lmH1nDfX.G2', '21312313', 5, NULL);
INSERT INTO `user` (`id`, `createAt`, `updateAt`, `isDelete`, `enable`, `name`, `realname`, `password`, `cellphone`, `departmentId`, `ip`) VALUES (10, '2023-11-16 20:45:27', '2023-11-17 22:02:25', 1, 0, '已删除_aa11_9a4cb16c-b523-4e2f-8c55-58712f2d016b', 'sdas', '$2b$10$q8G1Z82mhFREjPIV/XiFsue6buNx8ACOosN1ZUPtWLzmYtvpyYMmy', '43139112233', 4, NULL);
INSERT INTO `user` (`id`, `createAt`, `updateAt`, `isDelete`, `enable`, `name`, `realname`, `password`, `cellphone`, `departmentId`, `ip`) VALUES (11, '2023-11-17 18:03:24', '2023-11-17 22:07:34', 1, 0, '已删除_cs_a8ec432a-53c5-4f99-8c89-225f27790e22', 'css', '$2b$10$7XhDryTegGcgsaKZDhMq.eSbfSRFrgoPBzQSGK9dkNd.vaDjWM1ue', '21312313', 5, NULL);


INSERT INTO `role` (`id`, `createAt`, `updateAt`, `isDelete`, `enable`, `name`, `intro`) VALUES (1, '2023-11-12 15:35:47', '2023-11-12 15:35:47', 0, 1, '超级管理员', '所有权限');
INSERT INTO `role` (`id`, `createAt`, `updateAt`, `isDelete`, `enable`, `name`, `intro`) VALUES (2, '2023-11-12 16:12:55', '2023-11-12 16:12:55', 0, 1, '人事', '人事管理');
INSERT INTO `role` (`id`, `createAt`, `updateAt`, `isDelete`, `enable`, `name`, `intro`) VALUES (3, '2023-11-12 16:23:22', '2023-11-12 16:23:22', 0, 1, '运营', '日常事务');
INSERT INTO `role` (`id`, `createAt`, `updateAt`, `isDelete`, `enable`, `name`, `intro`) VALUES (5, '2023-11-12 16:26:56', '2023-11-12 16:26:56', 0, 1, '会计', '会计权限');
INSERT INTO `role` (`id`, `createAt`, `updateAt`, `isDelete`, `enable`, `name`, `intro`) VALUES (6, '2023-11-15 15:59:11', '2023-11-16 20:22:00', 0, 1, '111', '111');
INSERT INTO `role` (`id`, `createAt`, `updateAt`, `isDelete`, `enable`, `name`, `intro`) VALUES (7, '2023-11-15 15:59:31', '2023-11-15 16:20:29', 1, 1, '已删除_cc_fe059bf7-7205-4e27-adb4-5ab65065ca9e', 'cc');
INSERT INTO `role` (`id`, `createAt`, `updateAt`, `isDelete`, `enable`, `name`, `intro`) VALUES (8, '2023-11-16 20:06:54', '2023-11-17 20:26:28', 0, 1, 'aa', 'aaa');
INSERT INTO `role` (`id`, `createAt`, `updateAt`, `isDelete`, `enable`, `name`, `intro`) VALUES (9, '2023-11-16 20:11:51', '2023-11-16 20:12:59', 1, 0, '已删除_zzz_23d7df37-42a0-44e7-a75f-75306fc1233a', 'zz');
INSERT INTO `role` (`id`, `createAt`, `updateAt`, `isDelete`, `enable`, `name`, `intro`) VALUES (10, '2023-11-16 20:48:07', '2023-11-16 20:48:25', 1, 1, '已删除_222_c56f0f0b-eeec-4347-b80a-563848af3e72', '22222222222');
INSERT INTO `role` (`id`, `createAt`, `updateAt`, `isDelete`, `enable`, `name`, `intro`) VALUES (11, '2023-11-16 21:10:52', '2023-11-16 21:32:33', 1, 1, '已删除_cc_63f275cf-0cc4-4594-8060-4d6691f24ff6', 'cc');
INSERT INTO `role` (`id`, `createAt`, `updateAt`, `isDelete`, `enable`, `name`, `intro`) VALUES (12, '2023-11-16 21:33:20', '2023-11-17 19:51:12', 1, 0, '已删除_cccc_8a429699-3db1-4ed8-a708-e66bef495939', 'cccccccc');
INSERT INTO `role` (`id`, `createAt`, `updateAt`, `isDelete`, `enable`, `name`, `intro`) VALUES (13, '2023-11-17 17:58:35', '2023-11-17 18:13:33', 1, 0, '已删除_aq_e1b0d327-5210-432d-ad52-6a533e807809', 'aq');
INSERT INTO `role` (`id`, `createAt`, `updateAt`, `isDelete`, `enable`, `name`, `intro`) VALUES (14, '2023-11-17 20:04:54', '2023-11-17 22:07:25', 0, 1, 'cd', 'a');
INSERT INTO `role` (`id`, `createAt`, `updateAt`, `isDelete`, `enable`, `name`, `intro`) VALUES (15, '2023-11-17 20:32:17', '2023-11-17 20:32:27', 1, 1, '已删除_dd_736b5fb5-b843-497b-8441-b17bb42b07cd', 'dd');



INSERT INTO `menu` (`id`, `createAt`, `updateAt`, `isDelete`, `enable`, `name`, `type`, `url`, `icon`, `sort`, `permission`, `parentId`) VALUES (1, '2023-11-06 19:51:53', '2023-11-06 19:51:53', 0, 1, '系统总览', 1, '/main/analysis', 'el-icon-monitor', 1, NULL, NULL);
INSERT INTO `menu` (`id`, `createAt`, `updateAt`, `isDelete`, `enable`, `name`, `type`, `url`, `icon`, `sort`, `permission`, `parentId`) VALUES (2, '2023-11-06 19:52:50', '2023-11-06 19:52:51', 0, 1, '系统管理', 1, '/main/system', 'el-icon-setting', 2, NULL, NULL);
INSERT INTO `menu` (`id`, `createAt`, `updateAt`, `isDelete`, `enable`, `name`, `type`, `url`, `icon`, `sort`, `permission`, `parentId`) VALUES (3, '2023-11-06 19:53:05', '2023-11-06 19:53:05', 0, 1, '商品中心', 1, '/main/product', 'el-icon-goods', 3, NULL, NULL);
INSERT INTO `menu` (`id`, `createAt`, `updateAt`, `isDelete`, `enable`, `name`, `type`, `url`, `icon`, `sort`, `permission`, `parentId`) VALUES (4, '2023-11-06 19:53:16', '2023-11-06 19:53:16', 0, 1, '随便聊聊', 1, '/main/story', 'el-icon-chat-line-round', 4, NULL, NULL);
INSERT INTO `menu` (`id`, `createAt`, `updateAt`, `isDelete`, `enable`, `name`, `type`, `url`, `icon`, `sort`, `permission`, `parentId`) VALUES (5, '2023-11-06 19:53:59', '2023-11-06 19:53:59', 0, 1, '核心技术', 2, '/main/analysis/overview', NULL, 106, NULL, 1);
INSERT INTO `menu` (`id`, `createAt`, `updateAt`, `isDelete`, `enable`, `name`, `type`, `url`, `icon`, `sort`, `permission`, `parentId`) VALUES (6, '2023-11-06 19:54:13', '2023-11-06 19:54:13', 0, 1, '商品统计', 2, '/main/analysis/dashboard', NULL, 107, NULL, 1);
INSERT INTO `menu` (`id`, `createAt`, `updateAt`, `isDelete`, `enable`, `name`, `type`, `url`, `icon`, `sort`, `permission`, `parentId`) VALUES (7, '2023-11-06 19:54:33', '2023-11-06 19:54:33', 0, 1, '用户管理', 2, '/main/system/user', NULL, 100, NULL, 2);
INSERT INTO `menu` (`id`, `createAt`, `updateAt`, `isDelete`, `enable`, `name`, `type`, `url`, `icon`, `sort`, `permission`, `parentId`) VALUES (8, '2023-11-06 19:54:47', '2023-11-06 19:54:47', 0, 1, '部门管理', 2, '/main/system/department', NULL, 101, NULL, 2);
INSERT INTO `menu` (`id`, `createAt`, `updateAt`, `isDelete`, `enable`, `name`, `type`, `url`, `icon`, `sort`, `permission`, `parentId`) VALUES (9, '2023-11-06 19:55:02', '2023-11-06 19:55:02', 0, 1, '菜单管理', 2, '/main/system/menu', NULL, 103, NULL, 2);
INSERT INTO `menu` (`id`, `createAt`, `updateAt`, `isDelete`, `enable`, `name`, `type`, `url`, `icon`, `sort`, `permission`, `parentId`) VALUES (10, '2023-11-06 19:55:14', '2023-11-06 19:55:14', 0, 1, '角色管理', 2, '/main/system/role', NULL, 102, NULL, 2);
INSERT INTO `menu` (`id`, `createAt`, `updateAt`, `isDelete`, `enable`, `name`, `type`, `url`, `icon`, `sort`, `permission`, `parentId`) VALUES (11, '2023-11-06 19:55:39', '2023-11-06 19:55:39', 0, 1, '商品类别', 2, '/main/product/category', NULL, 104, NULL, 3);
INSERT INTO `menu` (`id`, `createAt`, `updateAt`, `isDelete`, `enable`, `name`, `type`, `url`, `icon`, `sort`, `permission`, `parentId`) VALUES (12, '2023-11-06 19:55:52', '2023-11-06 19:55:52', 0, 1, '商品信息', 2, '/main/product/goods', NULL, 105, NULL, 3);
INSERT INTO `menu` (`id`, `createAt`, `updateAt`, `isDelete`, `enable`, `name`, `type`, `url`, `icon`, `sort`, `permission`, `parentId`) VALUES (13, '2023-11-06 19:56:32', '2023-11-06 19:56:32', 0, 1, '你的故事', 2, '/main/story/chat', NULL, 108, NULL, 4);
INSERT INTO `menu` (`id`, `createAt`, `updateAt`, `isDelete`, `enable`, `name`, `type`, `url`, `icon`, `sort`, `permission`, `parentId`) VALUES (14, '2023-11-06 19:56:39', '2023-11-06 19:56:39', 0, 1, '故事列表', 2, '/main/story/list', NULL, 109, NULL, 4);
INSERT INTO `menu` (`id`, `createAt`, `updateAt`, `isDelete`, `enable`, `name`, `type`, `url`, `icon`, `sort`, `permission`, `parentId`) VALUES (15, '2023-11-06 20:01:34', '2023-11-06 20:13:27', 0, 1, '创建用户', 3, NULL, NULL, NULL, 'system:users:create', 7);
INSERT INTO `menu` (`id`, `createAt`, `updateAt`, `isDelete`, `enable`, `name`, `type`, `url`, `icon`, `sort`, `permission`, `parentId`) VALUES (16, '2023-11-06 20:01:44', '2023-11-06 20:13:34', 0, 1, '删除用户', 3, NULL, NULL, NULL, 'system:users:delete', 7);
INSERT INTO `menu` (`id`, `createAt`, `updateAt`, `isDelete`, `enable`, `name`, `type`, `url`, `icon`, `sort`, `permission`, `parentId`) VALUES (17, '2023-11-06 20:01:51', '2023-11-06 20:13:40', 0, 1, '修改用户', 3, NULL, NULL, NULL, 'system:users:update', 7);
INSERT INTO `menu` (`id`, `createAt`, `updateAt`, `isDelete`, `enable`, `name`, `type`, `url`, `icon`, `sort`, `permission`, `parentId`) VALUES (18, '2023-11-06 20:02:03', '2023-11-06 20:13:47', 0, 1, '查询用户', 3, NULL, NULL, NULL, 'system:users:query', 7);
INSERT INTO `menu` (`id`, `createAt`, `updateAt`, `isDelete`, `enable`, `name`, `type`, `url`, `icon`, `sort`, `permission`, `parentId`) VALUES (19, '2023-11-06 20:03:39', '2023-11-06 20:14:01', 0, 1, '创建部门', 3, NULL, NULL, NULL, 'system:department:create', 8);
INSERT INTO `menu` (`id`, `createAt`, `updateAt`, `isDelete`, `enable`, `name`, `type`, `url`, `icon`, `sort`, `permission`, `parentId`) VALUES (22, '2023-11-06 20:04:09', '2023-11-06 20:14:08', 0, 1, '删除部门', 3, NULL, NULL, NULL, 'system:department:delete', 8);
INSERT INTO `menu` (`id`, `createAt`, `updateAt`, `isDelete`, `enable`, `name`, `type`, `url`, `icon`, `sort`, `permission`, `parentId`) VALUES (23, '2023-11-06 20:04:43', '2023-11-06 20:14:14', 0, 1, '修改部门', 3, NULL, NULL, NULL, 'system:department:update', 8);
INSERT INTO `menu` (`id`, `createAt`, `updateAt`, `isDelete`, `enable`, `name`, `type`, `url`, `icon`, `sort`, `permission`, `parentId`) VALUES (24, '2023-11-06 20:04:52', '2023-11-06 20:14:19', 0, 1, '查询部门', 3, NULL, NULL, NULL, 'system:department:query', 8);
INSERT INTO `menu` (`id`, `createAt`, `updateAt`, `isDelete`, `enable`, `name`, `type`, `url`, `icon`, `sort`, `permission`, `parentId`) VALUES (25, '2023-11-06 20:05:18', '2023-11-06 20:14:30', 0, 1, '创建菜单', 3, NULL, NULL, NULL, 'system:menu:create', 9);
INSERT INTO `menu` (`id`, `createAt`, `updateAt`, `isDelete`, `enable`, `name`, `type`, `url`, `icon`, `sort`, `permission`, `parentId`) VALUES (26, '2023-11-06 20:05:25', '2023-11-06 20:14:37', 0, 1, '删除菜单', 3, NULL, NULL, NULL, 'system:menu:delete', 9);
INSERT INTO `menu` (`id`, `createAt`, `updateAt`, `isDelete`, `enable`, `name`, `type`, `url`, `icon`, `sort`, `permission`, `parentId`) VALUES (27, '2023-11-06 20:05:35', '2023-11-06 20:14:42', 0, 1, '修改菜单', 3, NULL, NULL, NULL, 'system:menu:update', 9);
INSERT INTO `menu` (`id`, `createAt`, `updateAt`, `isDelete`, `enable`, `name`, `type`, `url`, `icon`, `sort`, `permission`, `parentId`) VALUES (28, '2023-11-06 20:05:43', '2023-11-06 20:14:46', 0, 1, '查询菜单', 3, NULL, NULL, NULL, 'system:menu:query', 9);
INSERT INTO `menu` (`id`, `createAt`, `updateAt`, `isDelete`, `enable`, `name`, `type`, `url`, `icon`, `sort`, `permission`, `parentId`) VALUES (29, '2023-11-06 20:06:18', '2023-11-06 20:14:59', 0, 1, '创建角色', 3, NULL, NULL, NULL, 'system:role:create', 10);
INSERT INTO `menu` (`id`, `createAt`, `updateAt`, `isDelete`, `enable`, `name`, `type`, `url`, `icon`, `sort`, `permission`, `parentId`) VALUES (30, '2023-11-06 20:06:24', '2023-11-06 20:15:04', 0, 1, '删除角色', 3, NULL, NULL, NULL, 'system:role:delete', 10);
INSERT INTO `menu` (`id`, `createAt`, `updateAt`, `isDelete`, `enable`, `name`, `type`, `url`, `icon`, `sort`, `permission`, `parentId`) VALUES (31, '2023-11-06 20:06:58', '2023-11-06 20:15:09', 0, 1, '修改角色', 3, NULL, NULL, NULL, 'system:role:update', 10);
INSERT INTO `menu` (`id`, `createAt`, `updateAt`, `isDelete`, `enable`, `name`, `type`, `url`, `icon`, `sort`, `permission`, `parentId`) VALUES (32, '2023-11-06 20:07:09', '2023-11-06 20:15:13', 0, 1, '查询角色', 3, NULL, NULL, NULL, 'system:role:query', 10);
INSERT INTO `menu` (`id`, `createAt`, `updateAt`, `isDelete`, `enable`, `name`, `type`, `url`, `icon`, `sort`, `permission`, `parentId`) VALUES (33, '2023-11-06 20:07:48', '2023-11-06 20:15:23', 0, 1, '创建类别', 3, NULL, NULL, NULL, 'system:category:create', 11);
INSERT INTO `menu` (`id`, `createAt`, `updateAt`, `isDelete`, `enable`, `name`, `type`, `url`, `icon`, `sort`, `permission`, `parentId`) VALUES (34, '2023-11-06 20:07:55', '2023-11-06 20:15:30', 0, 1, '删除类别', 3, NULL, NULL, NULL, 'system:category:delete', 11);
INSERT INTO `menu` (`id`, `createAt`, `updateAt`, `isDelete`, `enable`, `name`, `type`, `url`, `icon`, `sort`, `permission`, `parentId`) VALUES (35, '2023-11-06 20:08:01', '2023-11-06 20:15:36', 0, 1, '修改类别', 3, NULL, NULL, NULL, 'system:category:update', 11);
INSERT INTO `menu` (`id`, `createAt`, `updateAt`, `isDelete`, `enable`, `name`, `type`, `url`, `icon`, `sort`, `permission`, `parentId`) VALUES (36, '2023-11-06 20:08:07', '2023-11-06 20:15:41', 0, 1, '查询类别', 3, NULL, NULL, NULL, 'system:category:query', 11);
INSERT INTO `menu` (`id`, `createAt`, `updateAt`, `isDelete`, `enable`, `name`, `type`, `url`, `icon`, `sort`, `permission`, `parentId`) VALUES (37, '2023-11-06 20:08:51', '2023-11-06 20:15:51', 0, 1, '创建商品', 3, NULL, NULL, NULL, 'system:goods:create', 12);
INSERT INTO `menu` (`id`, `createAt`, `updateAt`, `isDelete`, `enable`, `name`, `type`, `url`, `icon`, `sort`, `permission`, `parentId`) VALUES (38, '2023-11-06 20:08:57', '2023-11-06 20:15:55', 0, 1, '删除商品', 3, NULL, NULL, NULL, 'system:goods:delete', 12);
INSERT INTO `menu` (`id`, `createAt`, `updateAt`, `isDelete`, `enable`, `name`, `type`, `url`, `icon`, `sort`, `permission`, `parentId`) VALUES (39, '2023-11-06 20:09:05', '2023-11-06 20:16:00', 0, 1, '修改商品', 3, NULL, NULL, NULL, 'system:goods:update', 12);
INSERT INTO `menu` (`id`, `createAt`, `updateAt`, `isDelete`, `enable`, `name`, `type`, `url`, `icon`, `sort`, `permission`, `parentId`) VALUES (40, '2023-11-06 20:09:12', '2023-11-06 20:16:05', 0, 1, '查询商品', 3, NULL, NULL, NULL, 'system:goods:query', 12);
INSERT INTO `menu` (`id`, `createAt`, `updateAt`, `isDelete`, `enable`, `name`, `type`, `url`, `icon`, `sort`, `permission`, `parentId`) VALUES (41, '2023-11-06 20:10:05', '2023-11-06 20:16:36', 0, 1, '添加故事', 3, NULL, NULL, NULL, 'system:story:create', 13);
INSERT INTO `menu` (`id`, `createAt`, `updateAt`, `isDelete`, `enable`, `name`, `type`, `url`, `icon`, `sort`, `permission`, `parentId`) VALUES (42, '2023-11-06 20:11:45', '2023-11-06 20:11:46', 0, 1, '删除故事', 3, NULL, NULL, NULL, 'system:story:delete', 13);
INSERT INTO `menu` (`id`, `createAt`, `updateAt`, `isDelete`, `enable`, `name`, `type`, `url`, `icon`, `sort`, `permission`, `parentId`) VALUES (43, '2023-11-06 20:11:59', '2023-11-06 20:11:59', 0, 1, '修改故事', 3, NULL, NULL, NULL, 'system:story:update', 13);
INSERT INTO `menu` (`id`, `createAt`, `updateAt`, `isDelete`, `enable`, `name`, `type`, `url`, `icon`, `sort`, `permission`, `parentId`) VALUES (44, '2023-11-06 20:12:06', '2023-11-06 20:12:06', 0, 1, '查询故事', 3, NULL, NULL, NULL, 'system:story:query', 13);
INSERT INTO `menu` (`id`, `createAt`, `updateAt`, `isDelete`, `enable`, `name`, `type`, `url`, `icon`, `sort`, `permission`, `parentId`) VALUES (45, '2023-11-15 15:40:33', '2023-11-16 12:29:51', 1, 1, '已删除_asdasda_c89d6fa0-8438-11ee-bcea-ad098d4d6eac', 1, 'asdsa', '1', 11, '11', NULL);
INSERT INTO `menu` (`id`, `createAt`, `updateAt`, `isDelete`, `enable`, `name`, `type`, `url`, `icon`, `sort`, `permission`, `parentId`) VALUES (46, '2023-11-15 16:57:16', '2023-11-15 17:58:53', 1, 0, '已删除_111_95b11a60-839d-11ee-a102-db743abe7708', 2, '22', '2', 2, '1', 45);
INSERT INTO `menu` (`id`, `createAt`, `updateAt`, `isDelete`, `enable`, `name`, `type`, `url`, `icon`, `sort`, `permission`, `parentId`) VALUES (47, '2023-11-16 16:07:14', '2023-11-16 20:42:17', 1, 1, '已删除_a_93977860-847d-11ee-85da-39d122b2ded2', 1, 'asda', 'el-icon-basketball', 123, NULL, NULL);
INSERT INTO `menu` (`id`, `createAt`, `updateAt`, `isDelete`, `enable`, `name`, `type`, `url`, `icon`, `sort`, `permission`, `parentId`) VALUES (48, '2023-11-16 20:47:33', '2023-11-16 20:55:26', 1, 1, '已删除_asa_6a096e20-847f-11ee-afee-1fd10a9759c7', 1, '123', 'el-icon-chat-line-square', 123, '2', NULL);
INSERT INTO `menu` (`id`, `createAt`, `updateAt`, `isDelete`, `enable`, `name`, `type`, `url`, `icon`, `sort`, `permission`, `parentId`) VALUES (49, '2023-11-16 20:56:46', '2023-11-16 20:57:26', 1, 1, '已删除_asdas_b1381620-847f-11ee-afee-1fd10a9759c7', 1, 'asa', 'el-icon-bicycle', 1, '1', NULL);
INSERT INTO `menu` (`id`, `createAt`, `updateAt`, `isDelete`, `enable`, `name`, `type`, `url`, `icon`, `sort`, `permission`, `parentId`) VALUES (50, '2023-11-16 20:58:32', '2023-11-16 20:59:29', 1, 1, '已删除_cccc_faabcc20-847f-11ee-8313-9b4db0d015bb', 1, 'asd', 'el-icon-camera-filled', 1, NULL, NULL);
INSERT INTO `menu` (`id`, `createAt`, `updateAt`, `isDelete`, `enable`, `name`, `type`, `url`, `icon`, `sort`, `permission`, `parentId`) VALUES (51, '2023-11-16 21:00:52', '2023-11-16 21:01:20', 1, 1, '已删除_aa_3d003c50-8480-11ee-8313-9b4db0d015bb', 1, '1', 'el-icon-bowl', 1, NULL, NULL);
INSERT INTO `menu` (`id`, `createAt`, `updateAt`, `isDelete`, `enable`, `name`, `type`, `url`, `icon`, `sort`, `permission`, `parentId`) VALUES (52, '2023-11-16 21:08:34', '2023-11-16 21:08:53', 1, 1, '已删除_asd_4aa24460-8481-11ee-b9f8-eb61273d5dac', 1, 'asdsa', 'el-icon-calendar', 1, '1', NULL);
INSERT INTO `menu` (`id`, `createAt`, `updateAt`, `isDelete`, `enable`, `name`, `type`, `url`, `icon`, `sort`, `permission`, `parentId`) VALUES (53, '2023-11-16 21:10:43', '2023-11-16 21:11:01', 1, 1, '已删除_vv_972e8500-8481-11ee-b9f8-eb61273d5dac', 1, '11', 'el-icon-camera-filled', 11, NULL, NULL);
INSERT INTO `menu` (`id`, `createAt`, `updateAt`, `isDelete`, `enable`, `name`, `type`, `url`, `icon`, `sort`, `permission`, `parentId`) VALUES (54, '2023-11-16 21:11:36', '2023-11-16 21:14:08', 1, 1, '已删除_cccd_069b73d0-8482-11ee-bf85-a183095fd0f1', 1, 'c', 'el-icon-bottom-left', 1, NULL, NULL);
INSERT INTO `menu` (`id`, `createAt`, `updateAt`, `isDelete`, `enable`, `name`, `type`, `url`, `icon`, `sort`, `permission`, `parentId`) VALUES (55, '2023-11-16 21:12:36', '2023-11-16 21:15:29', 1, 1, '已删除_ccccasdad_36923330-8482-11ee-bf85-a183095fd0f1', 1, 'a', 'el-icon-camera', 1, NULL, NULL);
INSERT INTO `menu` (`id`, `createAt`, `updateAt`, `isDelete`, `enable`, `name`, `type`, `url`, `icon`, `sort`, `permission`, `parentId`) VALUES (56, '2023-11-16 21:28:29', '2023-11-16 21:32:38', 1, 1, '已删除_ddcc_9c2e65e0-8484-11ee-97f5-31c67e82ff13', 1, 'c', 'el-icon-arrow-up', 11, NULL, NULL);
INSERT INTO `menu` (`id`, `createAt`, `updateAt`, `isDelete`, `enable`, `name`, `type`, `url`, `icon`, `sort`, `permission`, `parentId`) VALUES (57, '2023-11-16 21:33:10', '2023-11-16 21:36:02', 1, 1, '已删除_aaacd_15e637f0-8485-11ee-8f62-2dcd100be20f', 1, '1a', 'el-icon-bell-filled', 1, NULL, NULL);
INSERT INTO `menu` (`id`, `createAt`, `updateAt`, `isDelete`, `enable`, `name`, `type`, `url`, `icon`, `sort`, `permission`, `parentId`) VALUES (58, '2023-11-17 17:52:24', '2023-11-17 21:20:33', 1, 1, '已删除_aa_165fa640-854c-11ee-bdae-41a396f104a2', 1, '1', 'el-icon-arrow-right-bold', 1, NULL, NULL);



INSERT INTO `user_role` (`userId`, `roleId`) VALUES (1, 1);
INSERT INTO `user_role` (`userId`, `roleId`) VALUES (2, 1);
INSERT INTO `user_role` (`userId`, `roleId`) VALUES (3, 2);
INSERT INTO `user_role` (`userId`, `roleId`) VALUES (4, 3);
INSERT INTO `user_role` (`userId`, `roleId`) VALUES (5, 5);
INSERT INTO `user_role` (`userId`, `roleId`) VALUES (6, 3);
INSERT INTO `user_role` (`userId`, `roleId`) VALUES (7, 1);
INSERT INTO `user_role` (`userId`, `roleId`) VALUES (8, 6);
INSERT INTO `user_role` (`userId`, `roleId`) VALUES (9, 14);
INSERT INTO `user_role` (`userId`, `roleId`) VALUES (10, 14);
INSERT INTO `user_role` (`userId`, `roleId`) VALUES (11, 13);


INSERT INTO `role_menu` (`menuId`, `roleId`) VALUES (1, 5);
INSERT INTO `role_menu` (`menuId`, `roleId`) VALUES (2, 2);
INSERT INTO `role_menu` (`menuId`, `roleId`) VALUES (2, 3);
INSERT INTO `role_menu` (`menuId`, `roleId`) VALUES (3, 2);
INSERT INTO `role_menu` (`menuId`, `roleId`) VALUES (3, 5);
INSERT INTO `role_menu` (`menuId`, `roleId`) VALUES (5, 5);
INSERT INTO `role_menu` (`menuId`, `roleId`) VALUES (6, 5);
INSERT INTO `role_menu` (`menuId`, `roleId`) VALUES (7, 2);
INSERT INTO `role_menu` (`menuId`, `roleId`) VALUES (7, 3);
INSERT INTO `role_menu` (`menuId`, `roleId`) VALUES (8, 2);
INSERT INTO `role_menu` (`menuId`, `roleId`) VALUES (8, 3);
INSERT INTO `role_menu` (`menuId`, `roleId`) VALUES (9, 2);
INSERT INTO `role_menu` (`menuId`, `roleId`) VALUES (9, 3);
INSERT INTO `role_menu` (`menuId`, `roleId`) VALUES (10, 2);
INSERT INTO `role_menu` (`menuId`, `roleId`) VALUES (10, 3);
INSERT INTO `role_menu` (`menuId`, `roleId`) VALUES (11, 2);
INSERT INTO `role_menu` (`menuId`, `roleId`) VALUES (11, 5);
INSERT INTO `role_menu` (`menuId`, `roleId`) VALUES (12, 2);
INSERT INTO `role_menu` (`menuId`, `roleId`) VALUES (12, 5);
INSERT INTO `role_menu` (`menuId`, `roleId`) VALUES (15, 2);
INSERT INTO `role_menu` (`menuId`, `roleId`) VALUES (15, 3);
INSERT INTO `role_menu` (`menuId`, `roleId`) VALUES (16, 2);
INSERT INTO `role_menu` (`menuId`, `roleId`) VALUES (16, 3);
INSERT INTO `role_menu` (`menuId`, `roleId`) VALUES (17, 2);
INSERT INTO `role_menu` (`menuId`, `roleId`) VALUES (17, 3);
INSERT INTO `role_menu` (`menuId`, `roleId`) VALUES (18, 2);
INSERT INTO `role_menu` (`menuId`, `roleId`) VALUES (18, 3);
INSERT INTO `role_menu` (`menuId`, `roleId`) VALUES (19, 2);
INSERT INTO `role_menu` (`menuId`, `roleId`) VALUES (19, 3);
INSERT INTO `role_menu` (`menuId`, `roleId`) VALUES (22, 2);
INSERT INTO `role_menu` (`menuId`, `roleId`) VALUES (22, 3);
INSERT INTO `role_menu` (`menuId`, `roleId`) VALUES (23, 2);
INSERT INTO `role_menu` (`menuId`, `roleId`) VALUES (23, 3);
INSERT INTO `role_menu` (`menuId`, `roleId`) VALUES (24, 2);
INSERT INTO `role_menu` (`menuId`, `roleId`) VALUES (24, 3);
INSERT INTO `role_menu` (`menuId`, `roleId`) VALUES (25, 2);
INSERT INTO `role_menu` (`menuId`, `roleId`) VALUES (25, 3);
INSERT INTO `role_menu` (`menuId`, `roleId`) VALUES (26, 2);
INSERT INTO `role_menu` (`menuId`, `roleId`) VALUES (26, 3);
INSERT INTO `role_menu` (`menuId`, `roleId`) VALUES (27, 2);
INSERT INTO `role_menu` (`menuId`, `roleId`) VALUES (27, 3);
INSERT INTO `role_menu` (`menuId`, `roleId`) VALUES (28, 2);
INSERT INTO `role_menu` (`menuId`, `roleId`) VALUES (28, 3);
INSERT INTO `role_menu` (`menuId`, `roleId`) VALUES (29, 2);
INSERT INTO `role_menu` (`menuId`, `roleId`) VALUES (29, 3);
INSERT INTO `role_menu` (`menuId`, `roleId`) VALUES (30, 2);
INSERT INTO `role_menu` (`menuId`, `roleId`) VALUES (30, 3);
INSERT INTO `role_menu` (`menuId`, `roleId`) VALUES (31, 2);
INSERT INTO `role_menu` (`menuId`, `roleId`) VALUES (31, 3);
INSERT INTO `role_menu` (`menuId`, `roleId`) VALUES (32, 2);
INSERT INTO `role_menu` (`menuId`, `roleId`) VALUES (32, 3);
INSERT INTO `role_menu` (`menuId`, `roleId`) VALUES (33, 2);
INSERT INTO `role_menu` (`menuId`, `roleId`) VALUES (33, 5);
INSERT INTO `role_menu` (`menuId`, `roleId`) VALUES (34, 2);
INSERT INTO `role_menu` (`menuId`, `roleId`) VALUES (34, 5);
INSERT INTO `role_menu` (`menuId`, `roleId`) VALUES (35, 2);
INSERT INTO `role_menu` (`menuId`, `roleId`) VALUES (35, 5);
INSERT INTO `role_menu` (`menuId`, `roleId`) VALUES (36, 2);
INSERT INTO `role_menu` (`menuId`, `roleId`) VALUES (36, 5);
INSERT INTO `role_menu` (`menuId`, `roleId`) VALUES (37, 2);
INSERT INTO `role_menu` (`menuId`, `roleId`) VALUES (37, 5);
INSERT INTO `role_menu` (`menuId`, `roleId`) VALUES (38, 2);
INSERT INTO `role_menu` (`menuId`, `roleId`) VALUES (38, 5);
INSERT INTO `role_menu` (`menuId`, `roleId`) VALUES (39, 2);
INSERT INTO `role_menu` (`menuId`, `roleId`) VALUES (39, 5);
INSERT INTO `role_menu` (`menuId`, `roleId`) VALUES (40, 2);
INSERT INTO `role_menu` (`menuId`, `roleId`) VALUES (40, 5);
INSERT INTO `role_menu` (`menuId`, `roleId`) VALUES (48, 10);


